{"cameraMode":{"drawMode":0,"name":"Shaded","section":"Shading Mode"},"sceneLighting":false,"audioPlay":false,"sceneViewState":{"m_AlwaysRefresh":false,"showFog":false,"showSkybox":false,"showFlares":false,"showImageEffects":false,"showParticleSystems":false,"showVisualEffectGraphs":true,"m_FxEnabled":false},"in2DMode":false,"pivot":{"x":2.384185791015625e-7,"y":0.8647274374961853,"z":-0.005761921405792236},"rotation":{"x":0.049778759479522708,"y":-0.8607968091964722,"z":0.08575025200843811,"w":0.49928462505340578},"size":1.354169487953186,"orthographic":false}