{"cameraMode":{"drawMode":0,"name":"Shaded","section":"Shading Mode"},"sceneLighting":false,"audioPlay":false,"sceneViewState":{"m_AlwaysRefresh":false,"showFog":true,"showSkybox":false,"showFlares":true,"showImageEffects":true,"showParticleSystems":true,"showVisualEffectGraphs":true,"m_FxEnabled":true},"in2DMode":false,"pivot":{"x":-0.2514781057834625,"y":-0.008756414987146855,"z":1.001344919204712},"rotation":{"x":0.01273917593061924,"y":-0.8533119559288025,"z":0.02070421725511551,"w":0.5209475755691528},"size":0.991541862487793,"orthographic":false}