{"cameraMode":{"drawMode":0,"name":"Shaded","section":"Shading Mode"},"sceneLighting":false,"audioPlay":false,"sceneViewState":{"m_AlwaysRefresh":false,"showFog":true,"showSkybox":false,"showFlares":true,"showImageEffects":true,"showParticleSystems":true,"showVisualEffectGraphs":true,"m_FxEnabled":true},"in2DMode":false,"pivot":{"x":-0.5210114121437073,"y":-0.1521860659122467,"z":0.6489883661270142},"rotation":{"x":-0.013300441205501557,"y":0.9794376492500305,"z":-0.1891883760690689,"w":-0.06886794418096543},"size":2.6559252738952638,"orthographic":false}